id ;pg ;wilayah;lokasi
1;PG1;AW01;001D
2;PG1;AW01;002A1
3;PG1;AW01;002A2
4;PG1;AW01;002B2
5;PG1;AW01;004F
6;PG1;AW01;004H1
7;PG1;AW01;004H2
8;PG1;AW01;005F4
9;PG1;AW01;007A2
10;PG1;AW01;007A3
11;PG1;AW01;007A4
12;PG1;AW01;009A1
13;PG1;AW01;009A2
14;PG1;AW01;009B
15;PG1;AW01;009B2
16;PG1;AW01;009C
17;PG1;AW01;009E
18;PG1;AW01;010FS
19;PG1;AW01;012DS
20;PG1;AW01;021A
21;PG1;AW01;021C2
22;PG1;AW01;021C3
23;PG1;AW01;021D
24;PG1;AW01;021E
25;PG1;AW01;021F1
26;PG1;AW01;021F2
27;PG1;AW01;022A
28;PG1;AW01;002BS1
29;PG1;AW01;004IS
30;PG1;AW01;004KS
31;PG1;AW01;004L
32;PG1;AW01;012ES
33;PG1;AW01;021E1
34;PG1;AW01;PSTPG1
35;PG1;AW02;013ES
36;PG1;AW02;017A
37;PG1;AW02;017AS
38;PG1;AW02;017C
39;PG1;AW02;017F
40;PG1;AW02;017G
41;PG1;AW02;017G1
42;PG1;AW02;017I
43;PG1;AW02;017M
44;PG1;AW02;024F1
45;PG1;AW02;024F2
46;PG1;AW02;030H2
47;PG1;AW02;030H3
48;PG1;AW02;030H4
49;PG1;AW02;033A
50;PG1;AW02;033C
51;PG1;AW02;033D
52;PG1;AW02;034A
53;PG1;AW02;034C
54;PG1;AW02;034D2
55;PG1;AW02;034D3
56;PG1;AW02;034E1
57;PG1;AW02;013G3
58;PG1;AW02;014BS
59;PG1;AW02;019I
60;PG1;AW02;024G2
61;PG1;AW02;024IS
62;PG1;AW02;033CS
63;PG1;AW03;060E
64;PG1;AW03;058BS
65;PG1;AW03;059GS1
66;PG1;AW03;059I2
67;PG1;AW03;059IS
68;PG1;AW03;054C
69;PG1;AW03;054E
70;PG1;AW03;055C1
71;PG1;AW03;055C2
72;PG1;AW03;055C3
73;PG1;AW03;055I
74;PG1;AW03;056A
75;PG1;AW03;056B
76;PG1;AW03;056F
77;PG1;AW03;056F1
78;PG1;AW03;056G1
79;PG1;AW03;056G2
80;PG1;AW03;061C2
81;PG1;AW03;061C3
82;PG1;AW03;061C4
83;PG1;AW03;061C5
84;PG1;AW03;064A
85;PG1;AW03;065A2
86;PG1;AW03;065A3
87;PG1;AW03;065A4
88;PG1;AW03;065A5
89;PG1;AW03;065B4
90;PG1;AW03;065B5
91;PG1;AW03;065D2
92;PG1;AW03;065D3
93;PG1;AW03;065D4
94;PG1;AW03;044AS
95;PG1;AW03;045A3
96;PG1;AW03;046AS
97;PG1;AW03;053B
98;PG1;AW03;055KS
99;PG1;AW03;060D
100;PG1;AW03;061ES
101;PG1;AW03;062AS
102;PG1;AW03;063BM
103;PG1;AW03;063BS
104;PG1;AW03;063GS
105;PG1;AW03;063IS
106;PG1;AW03;063S
107;PG1;AW03;064C2
108;PG1;AW03;065C1
109;PG1;AW03;065D1
110;PG1;AW04;041D1
111;PG1;AW04;041DS
112;PG1;AW04;015B2
113;PG1;AW04;027D
114;PG1;AW04;027G
115;PG1;AW04;027J
116;PG1;AW04;028C
117;PG1;AW04;037E
118;PG1;AW04;038C3
119;PG1;AW04;038C4
120;PG1;AW04;038E
121;PG1;AW04;039C2
122;PG1;AW04;049A1
123;PG1;AW04;049A2
124;PG1;AW04;050A1
125;PG1;AW04;050A2
126;PG1;AW04;050C1
127;PG1;AW04;050D
128;PG1;AW04;028CS3
129;PG1;AW04;038A1
130;PG1;AW04;039F
131;PG1;AW04;040C1
132;PG1;AW04;040CS
133;PG1;AW04;041B4
134;PG1;AW04;041G1
135;PG1;AW04;042L3
136;PG1;AW04;049FS
137;PG1;AW04;052CS
138;PG1;AW05;081C1
139;PG1;AW05;081AA1A
140;PG1;AW05;081AA1B
141;PG1;AW05;081AA1C
142;PG1;AW05;081AA1D
143;PG1;AW05;081AA2A
144;PG1;AW05;081AA2B
145;PG1;AW05;081AA2C
146;PG1;AW05;081AA2D
147;PG1;AW05;081AA3A
148;PG1;AW05;081AA3B
149;PG1;AW05;081AA3C
150;PG1;AW05;081AA3D
151;PG1;AW05;081AA4A
152;PG1;AW05;081AA4B
153;PG1;AW05;081AA4C
154;PG1;AW05;081AA4D
155;PG1;AW05;081AA5A
156;PG1;AW05;081AA5B
157;PG1;AW05;081AA5C
158;PG1;AW05;081AA5D
159;PG1;AW05;081AA6A
160;PG1;AW05;081AA6B
161;PG1;AW05;081AA6C
162;PG1;AW05;081AA6D
163;PG1;AW05;081AA7A
164;PG1;AW05;081AA7B
165;PG1;AW05;081AA7C
166;PG1;AW05;081AA7D
167;PG1;AW05;081AB1A
168;PG1;AW05;081AB1B
169;PG1;AW05;081AB1C
170;PG1;AW05;081AB1D
171;PG1;AW05;081AB2A
172;PG1;AW05;081AB2B
173;PG1;AW05;081AB2C
174;PG1;AW05;081AB2D
175;PG1;AW05;081AB3A
176;PG1;AW05;081AB3B
177;PG1;AW05;081AB3C
178;PG1;AW05;081AB3D
179;PG1;AW05;081AB4A
180;PG1;AW05;081AB4B
181;PG1;AW05;081AB4C
182;PG1;AW05;081AB4D
183;PG1;AW05;081AB5A
184;PG1;AW05;081AB5B
185;PG1;AW05;081AB5C
186;PG1;AW05;081AB5D
187;PG1;AW05;081AB6A
188;PG1;AW05;081AB6B
189;PG1;AW05;081AB6C
190;PG1;AW05;081AB6D
191;PG1;AW05;081AB7A
192;PG1;AW05;081AB7B
193;PG1;AW05;081AB7C
194;PG1;AW05;081AB7D
195;PG1;AW05;081AB8A
196;PG1;AW05;081AB8B
197;PG1;AW05;081AB8C
198;PG1;AW05;081AB8D
199;PG1;AW05;081AC1A
200;PG1;AW05;081AC1B
201;PG1;AW05;081AC1C
202;PG1;AW05;081AC1D
203;PG1;AW05;081AC2A
204;PG1;AW05;081AC2B
205;PG1;AW05;081AC2C
206;PG1;AW05;081AC2D
207;PG1;AW05;081AC3A
208;PG1;AW05;081AC3B
209;PG1;AW05;081AC3C
210;PG1;AW05;081AC3D
211;PG1;AW05;081AC4A
212;PG1;AW05;081AC4B
213;PG1;AW05;081AC4C
214;PG1;AW05;081AC4D
215;PG1;AW05;081AD1
216;PG1;AW05;081AD1A
217;PG1;AW05;081AD1B
218;PG1;AW05;081AD1C
219;PG1;AW05;081AD1D
220;PG1;AW05;081AD2A
221;PG1;AW05;081AD2B
222;PG1;AW05;081AD2C
223;PG1;AW05;081AD2D
224;PG1;AW05;081AD3A
225;PG1;AW05;081AD3B
226;PG1;AW05;081AD3C
227;PG1;AW05;081AD3D
228;PG1;AW05;081AD4A
229;PG1;AW05;081AD4B
230;PG1;AW05;081AD4C
231;PG1;AW05;081AD4D
232;PG1;AW05;081AE1A
233;PG1;AW05;081AE1B
234;PG1;AW05;081AE1C
235;PG1;AW05;081AE1D
236;PG1;AW05;081AE2A
237;PG1;AW05;081AE2B
238;PG1;AW05;081AE2C
239;PG1;AW05;081AE2D
240;PG1;AW05;081AE3A
241;PG1;AW05;081AE3B
242;PG1;AW05;081AE3C
243;PG1;AW05;081AE3D
244;PG1;AW05;081AE4A
245;PG1;AW05;081AE4B
246;PG1;AW05;081AE4C
247;PG1;AW05;081AE4D
248;PG1;AW05;081AE5A
249;PG1;AW05;081AE5B
250;PG1;AW05;081AE5C
251;PG1;AW05;081AE5D
252;PG1;AW05;081AE6A
253;PG1;AW05;081AE6B
254;PG1;AW05;081AE6C
255;PG1;AW05;081AE6D
256;PG1;AW05;081AE7A
257;PG1;AW05;081AE7U
258;PG1;AW05;081AE7V
259;PG1;AW05;081AE7W
260;PG1;AW05;081AE7X
261;PG1;AW05;081AE7Y
262;PG1;AW05;081AE7Z
263;PG1;AW05;081AE8A
264;PG1;AW05;081AE8E
265;PG1;AW05;081AE8F
266;PG1;AW05;081AE8G
267;PG1;AW05;081AE8H
268;PG1;AW05;081AE8J
269;PG1;AW05;081AE8K
270;PG1;AW05;081AE8L
271;PG1;AW05;081AE8M
272;PG1;AW05;081AE8N
273;PG1;AW05;081AE8P
274;PG1;AW05;081AE8Q
275;PG1;AW05;081AE8R
276;PG1;AW05;081AE8S
277;PG1;AW05;081AE8T
278;PG1;AW05;081AE8U
279;PG1;AW05;081AE8V
280;PG1;AW05;081AE8W
281;PG1;AW05;081AE8X
282;PG1;AW05;081AE8Y
283;PG1;AW05;081AE8Z
284;PG1;AW05;081AE9A
285;PG1;AW05;081AE9B
286;PG1;AW05;081AE9C
287;PG1;AW05;081AE9D
288;PG1;AW05;081AE9E
289;PG1;AW05;081AE9F
290;PG1;AW05;081AE9G
291;PG1;AW05;081AE9H
292;PG1;AW05;081AE9J
293;PG1;AW05;081AE9K
294;PG1;AW05;081AE9L
295;PG1;AW05;081AE9M
296;PG1;AW05;081AE9N
297;PG1;AW05;081AE9P
298;PG1;AW05;081AE9Q
299;PG1;AW05;081AE9R
300;PG1;AW05;081AE9S
301;PG1;AW05;081AE9T
302;PG1;AW05;081AE9U
303;PG1;AW05;081AE9V
304;PG1;AW05;081AE9W
305;PG1;AW05;081AE9X
306;PG1;AW05;081AE9Y
307;PG1;AW05;081AE9Z
308;PG1;AW05;081AF1A
309;PG1;AW05;081AF1B
310;PG1;AW05;081AF1C
311;PG1;AW05;081AF1D
312;PG1;AW05;081AF1E
313;PG1;AW05;081AF1F
314;PG1;AW05;081AF1G
315;PG1;AW05;081AF1H
316;PG1;AW05;081AF1J
317;PG1;AW05;081AF1K
318;PG1;AW05;081AF1L
319;PG1;AW05;081AF1M
320;PG1;AW05;081AF1N
321;PG1;AW05;081AF1P
322;PG1;AW05;081AF1Q
323;PG1;AW05;081AF1R
324;PG1;AW05;081AF1S
325;PG1;AW05;081AF1T
326;PG1;AW05;081AF1U
327;PG1;AW05;081AF1V
328;PG1;AW05;081AF1W
329;PG1;AW05;081AF1X
330;PG1;AW05;081AF1Y
331;PG1;AW05;081AF1Z
332;PG1;AW05;081AF2A
333;PG1;AW05;081AF2B
334;PG1;AW05;081AF2C
335;PG1;AW05;081AF2D
336;PG1;AW05;081AF2E
337;PG1;AW05;081AF2F
338;PG1;AW05;081AF2G
339;PG1;AW05;081AF2H
340;PG1;AW05;081AF2J
341;PG1;AW05;081AF2K
342;PG1;AW05;081AF2L
343;PG1;AW05;081AF2M
344;PG1;AW05;081AF2N
345;PG1;AW05;081AF2P
346;PG1;AW05;081AF2Q
347;PG1;AW05;081AF2R
348;PG1;AW05;081AF2S
349;PG1;AW05;081AF2T
350;PG1;AW05;081AF2U
351;PG1;AW05;081AF2V
352;PG1;AW05;081AF2W
353;PG1;AW05;081AF2X
354;PG1;AW05;081AF2Y
355;PG1;AW05;081AF2Z
356;PG1;AW05;081AF3A
357;PG1;AW05;081AF3B
358;PG1;AW05;081AF3C
359;PG1;AW05;081AF3D
360;PG1;AW05;081AF3E
361;PG1;AW05;081AF3F
362;PG1;AW05;081AF3G
363;PG1;AW05;081AF3H
364;PG1;AW05;081AF3J
365;PG1;AW05;081AF3K
366;PG1;AW05;081AF3L
367;PG1;AW05;081AF3M
368;PG1;AW05;081AF3N
369;PG1;AW05;081AF3P
370;PG1;AW05;081AF3Q
371;PG1;AW05;081AF3R
372;PG1;AW05;081AF3S
373;PG1;AW05;081AF3T
374;PG1;AW05;081AF3U
375;PG1;AW05;081AF3V
376;PG1;AW05;081AF3W
377;PG1;AW05;081AF3X
378;PG1;AW05;081AF3Y
379;PG1;AW05;081AF3Z
380;PG1;AW05;081AF4A
381;PG1;AW05;081AF4B
382;PG1;AW05;081AF4C
383;PG1;AW05;081AF4D
384;PG1;AW05;081AF4E
385;PG1;AW05;081AF4F
386;PG1;AW05;081AF4G
387;PG1;AW05;081AF4H
388;PG1;AW05;081AF4J
389;PG1;AW05;081AF4K
390;PG1;AW05;081AF4L
391;PG1;AW05;081AF4M
392;PG1;AW05;081AF4N
393;PG1;AW05;081AF4P
394;PG1;AW05;081AF4Q
395;PG1;AW05;081AF4R
396;PG1;AW05;081AF4S
397;PG1;AW05;081AF4T
398;PG1;AW05;081AF4U
399;PG1;AW05;081AF4V
400;PG1;AW05;081AF4W
401;PG1;AW05;081AF4X
402;PG1;AW05;081AF4Y
403;PG1;AW05;081AF4Z
404;PG1;AW05;081AF5A
405;PG1;AW05;081AF5B
406;PG1;AW05;081AF5C
407;PG1;AW05;081AF5D
408;PG1;AW05;081AF5E
409;PG1;AW05;081AF5F
410;PG1;AW05;081AF5G
411;PG1;AW05;081AF5H
412;PG1;AW05;081AF5J
413;PG1;AW05;081AF5K
414;PG1;AW05;081AF5L
415;PG1;AW05;081AF5M
416;PG1;AW05;081AF5N
417;PG1;AW05;081AF5P
418;PG1;AW05;081AF5Q
419;PG1;AW05;081AF5R
420;PG1;AW05;081AF5S
421;PG1;AW05;081AF5T
422;PG1;AW05;081AF5U
423;PG1;AW05;081AF5V
424;PG1;AW05;081AF5W
425;PG1;AW05;081AF5X
426;PG1;AW05;081AF5Y
427;PG1;AW05;081AF5Z
428;PG1;AW05;081AF6A
429;PG1;AW05;081AF6B
430;PG1;AW05;081AF6C
431;PG1;AW05;081AF6D
432;PG1;AW05;081AF6E
433;PG1;AW05;081AF6F
434;PG1;AW05;081AF6G
435;PG1;AW05;081AF6H
436;PG1;AW05;081AF6J
437;PG1;AW05;081AF6K
438;PG1;AW05;081AF6L
439;PG1;AW05;081AF6M
440;PG1;AW05;081AF6N
441;PG1;AW05;081AF6P
442;PG1;AW05;081AF6Q
443;PG1;AW05;081AF6R
444;PG1;AW05;081AF6S
445;PG1;AW05;081AF6T
446;PG1;AW05;081AF6U
447;PG1;AW05;081AF6V
448;PG1;AW05;081AF6W
449;PG1;AW05;081AF6X
450;PG1;AW05;081AF6Y
451;PG1;AW05;081AF6Z
452;PG1;AW05;081AF7A
453;PG1;AW05;081AF7B
454;PG1;AW05;081AF7C
455;PG1;AW05;081AF7D
456;PG1;AW05;081AF7E
457;PG1;AW05;081AF7F
458;PG1;AW05;081AF7G
459;PG1;AW05;081AF7H
460;PG1;AW05;081AF7J
461;PG1;AW05;081AF7K
462;PG1;AW05;081AF7L
463;PG1;AW05;081AF7M
464;PG1;AW05;081AF7N
465;PG1;AW05;081AF7P
466;PG1;AW05;081AF7Q
467;PG1;AW05;081AF7R
468;PG1;AW05;081AF7S
469;PG1;AW05;081AF7T
470;PG1;AW05;081AF7U
471;PG1;AW05;081AF7V
472;PG1;AW05;081AF7W
473;PG1;AW05;081AF7X
474;PG1;AW05;081AF7Y
475;PG1;AW05;081AF7Z
476;PG1;AW05;081AF8A
477;PG1;AW05;081AF8B
478;PG1;AW05;081AF8C
479;PG1;AW05;081AF8D
480;PG1;AW05;081AF8E
481;PG1;AW05;081AF8F
482;PG1;AW05;081AF8G
483;PG1;AW05;081AF8H
484;PG1;AW05;081AF8J
485;PG1;AW05;081AF8K
486;PG1;AW05;081AF8L
487;PG1;AW05;081AF8M
488;PG1;AW05;081AF8N
489;PG1;AW05;081AF8P
490;PG1;AW05;081AF8Q
491;PG1;AW05;081AF8R
492;PG1;AW05;081AF8S
493;PG1;AW05;081AF8T
494;PG1;AW05;081AF8U
495;PG1;AW05;081AF8V
496;PG1;AW05;081AF8W
497;PG1;AW05;081AF8X
498;PG1;AW05;081AF8Y
499;PG1;AW05;081AF8Z
500;PG1;AW05;081AF9A
501;PG1;AW05;081AF9B
502;PG1;AW05;081AF9C
503;PG1;AW05;081AF9D
504;PG1;AW05;081AF9E
505;PG1;AW05;081AF9F
506;PG1;AW05;081AF9G
507;PG1;AW05;081AF9H
508;PG1;AW05;081AF9J
509;PG1;AW05;081AF9K
510;PG1;AW05;081AF9L
511;PG1;AW05;081AF9M
512;PG1;AW05;081AF9N
513;PG1;AW05;081AF9P
514;PG1;AW05;081AF9Q
515;PG1;AW05;081AF9R
516;PG1;AW05;081AF9S
517;PG1;AW05;081AF9T
518;PG1;AW05;081AF9U
519;PG1;AW05;081AF9V
520;PG1;AW05;081AF9W
521;PG1;AW05;081AF9X
522;PG1;AW05;081AF9Y
523;PG1;AW05;081AF9Z
524;PG1;AW05;081AG1A
525;PG1;AW05;081AG1B
526;PG1;AW05;081AG1C
527;PG1;AW05;081AG1D
528;PG1;AW05;081AG1E
529;PG1;AW05;081AG1F
530;PG1;AW05;081AG1G
531;PG1;AW05;081AG1H
532;PG1;AW05;081AG1J
533;PG1;AW05;081AG1K
534;PG1;AW05;081AG1L
535;PG1;AW05;081AG1M
536;PG1;AW05;081AG1N
537;PG1;AW05;081AG1P
538;PG1;AW05;081AG1Q
539;PG1;AW05;081AG1R
540;PG1;AW05;081AG1S
541;PG1;AW05;081AG1T
542;PG1;AW05;081AG1U
543;PG1;AW05;081AG1V
544;PG1;AW05;081AG1W
545;PG1;AW05;081AG1X
546;PG1;AW05;081AG1Y
547;PG1;AW05;081AG1Z
548;PG1;AW05;081AG2A
549;PG1;AW05;081AG2B
550;PG1;AW05;081AG2C
551;PG1;AW05;081AG2D
552;PG1;AW05;081AG2E
553;PG1;AW05;081AG2F
554;PG1;AW05;081AG2G
555;PG1;AW05;081AG2H
556;PG1;AW05;081AG2J
557;PG1;AW05;081AG2K
558;PG1;AW05;081AG2L
559;PG1;AW05;081AG2M
560;PG1;AW05;081AG2N
561;PG1;AW05;081AG2P
562;PG1;AW05;081AG2Q
563;PG1;AW05;081AG2R
564;PG1;AW05;081AG2S
565;PG1;AW05;081AG2T
566;PG1;AW05;081AG2U
567;PG1;AW05;081AG2V
568;PG1;AW05;081AG2W
569;PG1;AW05;081AG2X
570;PG1;AW05;081AG2Y
571;PG1;AW05;081AG2Z
572;PG1;AW05;081AG3A
573;PG1;AW05;081AG3B
574;PG1;AW05;081AG3C
575;PG1;AW05;081AG3D
576;PG1;AW05;081AG3E
577;PG1;AW05;081AG3F
578;PG1;AW05;081AG3G
579;PG1;AW05;081AG3H
580;PG1;AW05;081AG3J
581;PG1;AW05;081AG3K
582;PG1;AW05;081AG3L
583;PG1;AW05;081AG3M
584;PG1;AW05;081AG3N
585;PG1;AW05;081AG3P
586;PG1;AW05;081AG3Q
587;PG1;AW05;081AG3R
588;PG1;AW05;081AG3S
589;PG1;AW05;081AG3T
590;PG1;AW05;081AG3U
591;PG1;AW05;081AG3V
592;PG1;AW05;081AG3W
593;PG1;AW05;081AG3X
594;PG1;AW05;081AG3Y
595;PG1;AW05;081AG3Z
596;PG1;AW05;081AG4A
597;PG1;AW05;081AG4B
598;PG1;AW05;081AG4C
599;PG1;AW05;081AG4D
600;PG1;AW05;081AG4E
601;PG1;AW05;081AG4F
602;PG1;AW05;081AG4G
603;PG1;AW05;081AG4H
604;PG1;AW05;081AG4J
605;PG1;AW05;081AG4K
606;PG1;AW05;081AG4L
607;PG1;AW05;081AG4M
608;PG1;AW05;081AG4N
609;PG1;AW05;081AG4P
610;PG1;AW05;081AG4Q
611;PG1;AW05;081AG4R
612;PG1;AW05;081AG4S
613;PG1;AW05;081AG4T
614;PG1;AW05;081AG4U
615;PG1;AW05;081AG4V
616;PG1;AW05;081AG4W
617;PG1;AW05;081AG4X
618;PG1;AW05;081AG4Y
619;PG1;AW05;081AG4Z
620;PG1;AW05;081AG5A
621;PG1;AW05;081AG5B
622;PG1;AW05;081AG5C
623;PG1;AW05;081AG5D
624;PG1;AW05;081AG5E
625;PG1;AW05;081AG5F
626;PG1;AW05;081AG5G
627;PG1;AW05;081AG5H
628;PG1;AW05;081AG5J
629;PG1;AW05;081AG5K
630;PG1;AW05;081AG5L
631;PG1;AW05;081AG5M
632;PG1;AW05;081AG5N
633;PG1;AW05;081AG5P
634;PG1;AW05;081AG5Q
635;PG1;AW05;081AG5R
636;PG1;AW05;081AG5S
637;PG1;AW05;081AG5T
638;PG1;AW05;081AG5U
639;PG1;AW05;081AG5V
640;PG1;AW05;081AG5W
641;PG1;AW05;081AG5X
642;PG1;AW05;081AG5Y
643;PG1;AW05;081AG5Z
644;PG1;AW05;081AG6A
645;PG1;AW05;081AG6B
646;PG1;AW05;081AG6C
647;PG1;AW05;081AG6D
648;PG1;AW05;081AG6E
649;PG1;AW05;081AG6F
650;PG1;AW05;081AG6G
651;PG1;AW05;081AG6H
652;PG1;AW05;081AG6J
653;PG1;AW05;081AG6K
654;PG1;AW05;081AG6L
655;PG1;AW05;081AG6M
656;PG1;AW05;081AG6N
657;PG1;AW05;081AG6P
658;PG1;AW05;081AG6Q
659;PG1;AW05;081AG6R
660;PG1;AW05;081AG6S
661;PG1;AW05;081AG6T
662;PG1;AW05;081AG6U
663;PG1;AW05;081AG6V
664;PG1;AW05;081AG6W
665;PG1;AW05;081AG6X
666;PG1;AW05;081AG6Y
667;PG1;AW05;081AG6Z
668;PG1;AW05;081AG7A
669;PG1;AW05;081AG7B
670;PG1;AW05;081AG7C
671;PG1;AW05;081AG7D
672;PG1;AW05;081AG7E
673;PG1;AW05;081AG7F
674;PG1;AW05;081AG7G
675;PG1;AW05;081AG7H
676;PG1;AW05;081AG7J
677;PG1;AW05;081AG7K
678;PG1;AW05;081AG7L
679;PG1;AW05;081AG7M
680;PG1;AW05;081AG7N
681;PG1;AW05;081AG7P
682;PG1;AW05;081AG7Q
683;PG1;AW05;081AG7R
684;PG1;AW05;081AG7S
685;PG1;AW05;081AG7T
686;PG1;AW05;081AG7U
687;PG1;AW05;081AG7V
688;PG1;AW05;081AG7W
689;PG1;AW05;081AG7X
690;PG1;AW05;081AG7Y
691;PG1;AW05;081AG7Z
692;PG1;AW05;081AG8A
693;PG1;AW05;081AG8B
694;PG1;AW05;081AG8C
695;PG1;AW05;081AG8D
696;PG1;AW05;081AG8E
697;PG1;AW05;081AG8F
698;PG1;AW05;081AG8G
699;PG1;AW05;081AG8H
700;PG1;AW05;081AG8J
701;PG1;AW05;081AG8K
702;PG1;AW05;081AG8L
703;PG1;AW05;081AG8M
704;PG1;AW05;081AG8N
705;PG1;AW05;081AG8P
706;PG1;AW05;081AG8Q
707;PG1;AW05;081AG8R
708;PG1;AW05;081AG8S
709;PG1;AW05;081AG8T
710;PG1;AW05;081AG8U
711;PG1;AW05;081AG8V
712;PG1;AW05;081AG8W
713;PG1;AW05;081AG8X
714;PG1;AW05;081AG8Y
715;PG1;AW05;081AG8Z
716;PG1;AW05;081AG9A
717;PG1;AW05;081AG9B
718;PG1;AW05;081AG9C
719;PG1;AW05;081AG9D
720;PG1;AW05;081AG9E
721;PG1;AW05;081AG9F
722;PG1;AW05;081AG9G
723;PG1;AW05;081AG9H
724;PG1;AW05;081AG9J
725;PG1;AW05;081AG9K
726;PG1;AW05;081AG9L
727;PG1;AW05;081AG9M
728;PG1;AW05;081AG9N
729;PG1;AW05;081AG9P
730;PG1;AW05;081AG9Q
731;PG1;AW05;081AG9R
732;PG1;AW05;081AG9S
733;PG1;AW05;081AG9T
734;PG1;AW05;081AG9U
735;PG1;AW05;081AG9V
736;PG1;AW05;081AG9W
737;PG1;AW05;081AG9X
738;PG1;AW05;081AG9Y
739;PG1;AW05;081AG9Z
740;PG1;AW05;081AH1A
741;PG1;AW05;081AH1B
742;PG1;AW05;081AH1C
743;PG1;AW05;081AH1D
744;PG1;AW05;081AH1E
745;PG1;AW05;081AH1F
746;PG1;AW05;081AH1G
747;PG1;AW05;081AH1H
748;PG1;AW05;081AH1J
749;PG1;AW05;081AH1K
750;PG1;AW05;081AH1L
751;PG1;AW05;081AH1M
752;PG1;AW05;081AH1N
753;PG1;AW05;081AH1P
754;PG1;AW05;081AH1Q
755;PG1;AW05;081AH1R
756;PG1;AW05;081AH1S
757;PG1;AW05;081AH1T
758;PG1;AW05;081AH1U
759;PG1;AW05;081AH1V
760;PG1;AW05;081AH1W
761;PG1;AW05;081AH1X
762;PG1;AW05;081AH1Y
763;PG1;AW05;081AH1Z
764;PG1;AW05;081AH2A
765;PG1;AW05;081AH2B
766;PG1;AW05;081AH2C
767;PG1;AW05;081AH2D
768;PG1;AW05;081AH2E
769;PG1;AW05;081AH2F
770;PG1;AW05;081AH2G
771;PG1;AW05;081AH2H
772;PG1;AW05;081AH2J
773;PG1;AW05;081AH2K
774;PG1;AW05;081AH2L
775;PG1;AW05;081AH2M
776;PG1;AW05;081AH2N
777;PG1;AW05;081AH2P
778;PG1;AW05;081AH2Q
779;PG1;AW05;081AH2R
780;PG1;AW05;081AH2S
781;PG1;AW05;081AH2T
782;PG1;AW05;081AH2U
783;PG1;AW05;081AH2V
784;PG1;AW05;081AH2W
785;PG1;AW05;081AH2X
786;PG1;AW05;081AH2Y
787;PG1;AW05;081AH2Z
788;PG1;AW05;081AH3A
789;PG1;AW05;081AH3B
790;PG1;AW05;081AH3C
791;PG1;AW05;081AH3D
792;PG1;AW05;081AH3E
793;PG1;AW05;081AH3F
794;PG1;AW05;081AH3G
795;PG1;AW05;081AH3H
796;PG1;AW05;081AH3J
797;PG1;AW05;081AH3K
798;PG1;AW05;081AH3L
799;PG1;AW05;081AH3M
800;PG1;AW05;081AH3N
801;PG1;AW05;081AH3P
802;PG1;AW05;081AH3Q
803;PG1;AW05;081AH3R
804;PG1;AW05;081AH3S
805;PG1;AW05;081AH3T
806;PG1;AW05;081AH3U
807;PG1;AW05;081AH3V
808;PG1;AW05;081AH3W
809;PG1;AW05;081AH3X
810;PG1;AW05;081AH3Y
811;PG1;AW05;081AH3Z
812;PG1;AW05;081AH4A
813;PG1;AW05;081AH4B
814;PG1;AW05;081AH4C
815;PG1;AW05;081AH4D
816;PG1;AW05;081AH4E
817;PG1;AW05;081AH4F
818;PG1;AW05;081AH4G
819;PG1;AW05;081AH4H
820;PG1;AW05;081AH4J
821;PG1;AW05;081AH4K
822;PG1;AW05;081AH4L
823;PG1;AW05;081AH4M
824;PG1;AW05;081AH4N
825;PG1;AW05;081AH4P
826;PG1;AW05;081AH4Q
827;PG1;AW05;081AH4R
828;PG1;AW05;081AH4S
829;PG1;AW05;081AH4T
830;PG1;AW05;081AH4U
831;PG1;AW05;081AH4V
832;PG1;AW05;081AH4W
833;PG1;AW05;081AH4X
834;PG1;AW05;081AH4Y
835;PG1;AW05;081AH4Z
836;PG1;AW05;081AH5A
837;PG1;AW05;081AH5B
838;PG1;AW05;081AH5C
839;PG1;AW05;081AH5D
840;PG1;AW05;081AH5E
841;PG1;AW05;081AH5F
842;PG1;AW05;081AH5G
843;PG1;AW05;081AH5H
844;PG1;AW05;081AH5J
845;PG1;AW05;081AH5K
846;PG1;AW05;081AH5L
847;PG1;AW05;081AH5M
848;PG1;AW05;081AH5N
849;PG1;AW05;081AH5P
850;PG1;AW05;081AH5Q
851;PG1;AW05;081AH5R
852;PG1;AW05;081AH5S
853;PG1;AW05;081AH5T
854;PG1;AW05;081AH5U
855;PG1;AW05;081AH5V
856;PG1;AW05;081AH5W
857;PG1;AW05;081AH5X
858;PG1;AW05;081AH5Y
859;PG1;AW05;081AH5Z
860;PG1;AW05;081AJ1A
861;PG1;AW05;081AJ1B
862;PG1;AW05;081AJ1C
863;PG1;AW05;081AJ1D
864;PG1;AW05;081AJ1E
865;PG1;AW05;081AJ1F
866;PG1;AW05;081AJ1G
867;PG1;AW05;081AJ1H
868;PG1;AW05;081AJ1J
869;PG1;AW05;081AJ1K
870;PG1;AW05;081AJ1L
871;PG1;AW05;081AJ1M
872;PG1;AW05;081AJ1N
873;PG1;AW05;081AJ1P
874;PG1;AW05;081AJ1Q
875;PG1;AW05;081AJ1R
876;PG1;AW05;081AJ1S
877;PG1;AW05;081AJ1T
878;PG1;AW05;081AJ1U
879;PG1;AW05;081AJ1V
880;PG1;AW05;081AJ1W
881;PG1;AW05;081AJ1X
882;PG1;AW05;081AJ1Y
883;PG1;AW05;081AJ1Z
884;PG1;AW05;081AJ2A
885;PG1;AW05;081AJ2B
886;PG1;AW05;081AJ2C
887;PG1;AW05;081AJ2D
888;PG1;AW05;081AJ2E
889;PG1;AW05;081AJ2F
890;PG1;AW05;081AJ2G
891;PG1;AW05;081AJ2H
892;PG1;AW05;081AJ2J
893;PG1;AW05;081AJ2K
894;PG1;AW05;081AJ2L
895;PG1;AW05;081AJ2M
896;PG1;AW05;081AJ2N
897;PG1;AW05;081AJ2P
898;PG1;AW05;081AJ2Q
899;PG1;AW05;081AJ2R
900;PG1;AW05;081AJ2S
901;PG1;AW05;081AJ2T
902;PG1;AW05;081AJ2U
903;PG1;AW05;081AJ2V
904;PG1;AW05;081AJ2W
905;PG1;AW05;081AJ2X
906;PG1;AW05;081AJ2Y
907;PG1;AW05;081AJ2Z
908;PG1;AW05;081AJ3A
909;PG1;AW05;081AJ3B
910;PG1;AW05;081AJ3C
911;PG1;AW05;081AJ3D
912;PG1;AW05;081AJ3E
913;PG1;AW05;081AJ3F
914;PG1;AW05;081AJ3G
915;PG1;AW05;081AJ3H
916;PG1;AW05;081AJ3J
917;PG1;AW05;081AJ3K
918;PG1;AW05;081AJ3L
919;PG1;AW05;081AJ3M
920;PG1;AW05;081AJ3N
921;PG1;AW05;081AJ3P
922;PG1;AW05;081AJ3Q
923;PG1;AW05;081AJ3R
924;PG1;AW05;081AJ3S
925;PG1;AW05;081AJ3T
926;PG1;AW05;081AJ3U
927;PG1;AW05;081AJ3V
928;PG1;AW05;081AJ3W
929;PG1;AW05;081AJ3X
930;PG1;AW05;081AJ3Y
931;PG1;AW05;081AJ3Z
932;PG1;AW05;081AJ4A
933;PG1;AW05;081AJ4B
934;PG1;AW05;081AJ4C
935;PG1;AW05;081AJ4D
936;PG1;AW05;081AJ4E
937;PG1;AW05;081AJ4F
938;PG1;AW05;081AJ4G
939;PG1;AW05;081AJ4H
940;PG1;AW05;081AJ4J
941;PG1;AW05;081AJ4K
942;PG1;AW05;081AJ4L
943;PG1;AW05;081AJ4M
944;PG1;AW05;081AJ4N
945;PG1;AW05;081AJ4P
946;PG1;AW05;081AJ4Q
947;PG1;AW05;081AJ4R
948;PG1;AW05;081AJ4S
949;PG1;AW05;081AK1A
950;PG1;AW05;081AK1B
951;PG1;AW05;081AK1C
952;PG1;AW05;081AK1D
953;PG1;AW05;081AK1E
954;PG1;AW05;081AK1F
955;PG1;AW05;081AK1G
956;PG1;AW05;081AK1H
957;PG1;AW05;081AK1J
958;PG1;AW05;081AK1K
959;PG1;AW05;081AK1L
960;PG1;AW05;081AK1M
961;PG1;AW05;081AK1N
962;PG1;AW05;081AK1P
963;PG1;AW05;081AK1Q
964;PG1;AW05;081AK1R
965;PG1;AW05;081AK1S
966;PG1;AW05;081AK1T
967;PG1;AW05;081AK1U
968;PG1;AW05;081AK1V
969;PG1;AW05;081AK1W
970;PG1;AW05;081AK1X
971;PG1;AW05;081AK1Y
972;PG1;AW05;081AK1Z
973;PG1;AW05;081AK2A
974;PG1;AW05;081AK2B
975;PG1;AW05;081AK2C
976;PG1;AW05;081AK2D
977;PG1;AW05;081AK2E
978;PG1;AW05;081AK2F
979;PG1;AW05;081AK2G
980;PG1;AW05;081AK2H
981;PG1;AW05;081AK2J
982;PG1;AW05;081AK2K
983;PG1;AW05;081AK2L
984;PG1;AW05;081AK2M
985;PG1;AW05;081AK2N
986;PG1;AW05;081AK2P
987;PG1;AW05;081AK2Q
988;PG1;AW05;081AK2R
989;PG1;AW05;081AK2S
990;PG1;AW05;081AK2T
991;PG1;AW05;081AK2U
992;PG1;AW05;081AK2V
993;PG1;AW05;081AK2W
994;PG1;AW05;081AK2X
995;PG1;AW05;081AK2Y
996;PG1;AW05;081AK2Z
997;PG1;AW05;081AK3A
998;PG1;AW05;081AK3B
999;PG1;AW05;081AK3C
1000;PG1;AW05;081AK3D
1001;PG1;AW05;081AK3E
1002;PG1;AW05;081AK3F
1003;PG1;AW05;081AK3G
1004;PG1;AW05;081AK3H
1005;PG1;AW05;081AK3J
1006;PG1;AW05;081AK3K
1007;PG1;AW05;081AK3L
1008;PG1;AW05;081AK3M
1009;PG1;AW05;081AK3N
1010;PG1;AW05;081AK3P
1011;PG1;AW05;081AK3Q
1012;PG1;AW05;081AK3R
1013;PG1;AW05;081AK3S
1014;PG1;AW05;081AK3T
1015;PG1;AW05;081AK3U
1016;PG1;AW05;081AK3V
1017;PG1;AW05;081AK3W
1018;PG1;AW05;081AK3X
1019;PG1;AW05;081AK3Y
1020;PG1;AW05;081AK3Z
1021;PG1;AW05;081AK4A
1022;PG1;AW05;081AK4B
1023;PG1;AW05;081AK4C
1024;PG1;AW05;081AK4D
1025;PG1;AW05;081AK4E
1026;PG1;AW05;081AK4F
1027;PG1;AW05;081AK4G
1028;PG1;AW05;081AK4H
1029;PG1;AW05;081AK4J
1030;PG1;AW05;081AK4K
1031;PG1;AW05;081AK4L
1032;PG1;AW05;081AK4M
1033;PG1;AW05;081AK4N
1034;PG1;AW05;081AK4P
1035;PG1;AW05;081AK4Q
1036;PG1;AW05;081AK4R
1037;PG1;AW05;081AK4S
1038;PG1;AW05;081AK4T
1039;PG1;AW05;081AK4U
1040;PG1;AW05;081AK4V
1041;PG1;AW05;081AK4W
1042;PG1;AW05;081AK4X
1043;PG1;AW05;081AK4Y
1044;PG1;AW05;081AK4Z
1045;PG1;AW05;081AK5A
1046;PG1;AW05;081AK5B
1047;PG1;AW05;081AK5C
1048;PG1;AW05;081AK5D
1049;PG1;AW05;081AK5E
1050;PG1;AW05;081ARD1
1051;PG1;AW05;081ARD2
1052;PG1;AW05;081ARND
1053;PG1;AW05;081AZ
1054;PG1;AW05;404KF1B
1055;PG1;AW05;404KF1C
1056;PG1;AW05;404KF1D
1057;PG1;AW05;404KF2B
1058;PG1;AW05;404KF2C
1059;PG1;AW05;404KF2D
1060;PG1;AW05;404KF3B
1061;PG1;AW05;404KF3C
1062;PG1;AW05;M40A21A
1063;PG1;AW05;M40A21B
1064;PG1;AW05;M40B21A
1065;PG1;AW05;M40B21B
1066;PG1;AW05;M40G21A
1067;PG1;AW05;M40G21B
1068;PG1;AW05;M40H21A
1069;PG1;AW05;M40H21B
1070;PG1;AW05;M40I21A
1071;PG1;AW05;M40I21B
1072;PG1;AW05;M40K21A
1073;PG1;AW05;M40L20A
1074;PG1;AW05;M40L20B
1075;PG1;AW05;M81A21A
1076;PG1;AW05;M81A21B
1077;PG1;AW05;M81A22A
1078;PG1;AW05;M81A22B
1079;PG1;AW05;M81A23A
1080;PG1;AW05;M81A23B
1081;PG1;AW05;M81A24A
1082;PG1;AW05;M81A24B
1083;PG1;AW05;M81B21A
1084;PG1;AW05;M81B21B
1085;PG1;AW05;M81B22A
1086;PG1;AW05;M81B22B
1087;PG1;AW05;M81B23A
1088;PG1;AW05;M81B23B
1089;PG1;AW05;M81B24A
1090;PG1;AW05;M81B24B
1091;PG1;AW05;M81C21A
1092;PG1;AW05;M81C21B
1093;PG1;AW05;M81C22A
1094;PG1;AW05;M81C22B
1095;PG1;AW05;M81C23A
1096;PG1;AW05;M81C23B
1097;PG1;AW05;M81C24A
1098;PG1;AW05;M81C24B
1099;PG1;AW05;M81D21A
1100;PG1;AW05;M81D21B
1101;PG1;AW05;M81D22A
1102;PG1;AW05;M81D22B
1103;PG1;AW05;M81D23A
1104;PG1;AW05;M81D23B
1105;PG1;AW05;M81D24A
1106;PG1;AW05;M81D24B
1107;PG1;AW05;M81E21A
1108;PG1;AW05;M81E21B
1109;PG1;AW05;M81E22A
1110;PG1;AW05;M81E22B
1111;PG1;AW05;M81E23A
1112;PG1;AW05;M81E23B
1113;PG1;AW05;M81E24A
1114;PG1;AW05;M81E24B
1115;PG1;AW05;M81E25B
1116;PG1;AW05;M81F21A
1117;PG1;AW05;M81F21B
1118;PG1;AW05;M81F22A
1119;PG1;AW05;M81F22B
1120;PG1;AW05;M81F23A
1121;PG1;AW05;M81F23B
1122;PG1;AW05;M81F24A
1123;PG1;AW05;M81F24B
1124;PG1;AW05;M81G21A
1125;PG1;AW05;M81G21B
1126;PG1;AW05;M81G22A
1127;PG1;AW05;M81G22B
1128;PG1;AW05;M81G22C
1129;PG1;AW05;M81G23A
1130;PG1;AW05;M81G23B
1131;PG1;AW05;M81G24A
1132;PG1;AW05;M81G24B
1133;PG1;AW05;M81H21A
1134;PG1;AW05;M81H21B
1135;PG1;AW05;M81H22A
1136;PG1;AW05;M81H22B
1137;PG1;AW05;M81H22C
1138;PG1;AW05;M81H23A
1139;PG1;AW05;M81H23B
1140;PG1;AW05;M81H24A
1141;PG1;AW05;M81H24B
1142;PG1;AW05;M81I21A
1143;PG1;AW05;M81I21B
1144;PG1;AW05;M81I22A
1145;PG1;AW05;M81I22B
1146;PG1;AW05;M81I23A
1147;PG1;AW05;M81I23B
1148;PG1;AW05;M81I24A
1149;PG1;AW05;M81I24B
1150;PG1;AW05;M81J21A
1151;PG1;AW05;M81J21B
1152;PG1;AW05;M81J22A
1153;PG1;AW05;M81J22B
1154;PG1;AW05;M81J23A
1155;PG1;AW05;M81J23B
1156;PG1;AW05;M81K21A
1157;PG1;AW05;M81K21B
1158;PG1;AW05;M81K22A
1159;PG1;AW05;M81K22B
1160;PG1;AW05;M81K23A
1161;PG1;AW05;M81K23B
1162;PG1;AW05;M81K24A
1163;PG1;AW05;M81L20A
1164;PG1;AW05;M81L20B
1165;PG1;AW05;M81L21A
1166;PG1;AW05;M81L21B
1167;PG1;AW05;M81L22A
1168;PG1;AW05;M81L22B
1169;PG1;AW05;M81L23A
1170;PG1;AW05;M81L23B
1171;PG1;AW05;M81L24A
1172;PG1;AW05;M81L24B
1173;PG1;AW05;NPBA001
1174;PG1;AW05;NPBA002
1175;PG1;AW05;NPBA003
1176;PG1;AW05;NPBA004
1177;PG1;AW05;NPBA005
1178;PG1;AW05;NPBA006
1179;PG1;AW05;NPBA007
1180;PG1;AW05;NPBA008
1181;PG1;AW05;NPBA009
1182;PG1;AW05;NPBA010
1183;PG1;AW05;NPBC001
1184;PG1;AW05;NPBC002
1185;PG1;AW05;NPBC003
1186;PG1;AW05;NPBC004
1187;PG1;AW05;NPBC005
1188;PG1;AW05;NPBC007
1189;PG1;AW05;NPBC008
1190;PG1;AW05;NPBC009
1191;PG1;AW05;NPBC010
1192;PG1;AW05;NPBC011
1193;PG1;AW05;NPBC012
1194;PG1;AW05;NPBC013
1195;PG1;AW05;NPBC014
1196;PG1;AW05;NPBC015
1197;PG1;AW05;NPBD001
1198;PG1;AW05;NPBD002
1199;PG1;AW05;NPBD003
1200;PG1;AW05;NPBD004
1201;PG1;AW05;NPBD005
1202;PG1;AW05;NPBD006
1203;PG1;AW05;NPBD007
1204;PG1;AW05;NPBD008
1205;PG1;AW05;NPBD009
1206;PG1;AW05;NPBD010
1207;PG1;AW05;NPBD011
1208;PG1;AW05;NPBD012
1209;PG1;AW05;NPBD013
1210;PG1;AW05;NPBD014
1211;PG1;AW05;NPBD015
1212;PG1;AW05;NPBD016
1213;PG1;AW05;NPBD017
1214;PG1;AW05;NPBD018
1215;PG1;AW05;NPBD019
1216;PG1;AW05;NPBD020
1217;PG1;AW05;NPBD021
1218;PG1;AW05;NPBD022
1219;PG1;AW05;NPBD023
1220;PG1;AW05;NPBD024
1221;PG1;AW05;NPBD025
1222;PG1;AW05;NPBD026
1223;PG1;AW05;NPBD027
1224;PG1;AW05;NPBD028
1225;PG1;AW05;NPBD029
1226;PG1;AW05;NRPD009
1227;PG1;AW05;NRPD010
1228;PG1;AW05;NRPD011
1229;PG1;AW05;NRPD012
1230;PG1;AW05;NRPD013
1231;PG1;AW05;NRPD014
1232;PG1;AW05;NRPD015
1233;PG1;AW05;NRPD016
1234;PG1;AW05;NRPD017
1235;PG1;AW05;NRPD018
1236;PG1;AW05;NRPE004
1237;PG1;AW05;NRPE005
1238;PG1;AW05;NRPE006
1239;PG1;AW05;NRPE007
1240;PG1;AW05;NRPF007
1241;PG1;AW05;NRPF008
1242;PG1;AW05;NRPF009
1243;PG1;AW05;NRPF010
1244;PG1;AW05;NRPF011
1245;PG1;AW05;PSNRMD1
1246;PG1;AW05;PSNRMD2
1247;PG1;AW05;066HS
1248;PG1;AW05;066P1
1249;PG1;AW05;069CS
1250;PG1;AW05;069D2
1251;PG1;AW05;069DS
1252;PG1;AW05;070AS
1253;PG1;AW05;070BS
1254;PG1;AW05;070G
1255;PG1;AW05;070IS
1256;PG1;AW05;071D3
1257;PG1;AW05;071DS
1258;PG1;AW05;081AS
1259;PG1;AW05;081B3
1260;PG1;AW05;082A1
1261;PG1;AW05;082GS
1262;PG1;AW05;082HS
1263;PG1;AW07;083V
1264;PG1;AW07;080DS
1265;PG1;AW07;083A
1266;PG1;AW07;083A1
1267;PG1;AW07;083A3
1268;PG1;AW07;083B
1269;PG1;AW07;083B2
1270;PG1;AW07;083D
1271;PG1;AW07;083FS
1272;PG1;AW07;085M
1273;PG1;AW07;098CS
1274;PG2;AW08;101B2
1275;PG2;AW08;101C1S
1276;PG2;AW08;102B1S
1277;PG2;AW08;108B1
1278;PG2;AW08;109D1
1279;PG2;AW08;110B1
1280;PG2;AW08;110D2
1281;PG2;AW08;110F1
1282;PG2;AW08;110G2
1283;PG2;AW08;111B4
1284;PG2;AW08;111C
1285;PG2;AW08;111D1
1286;PG2;AW08;112A
1287;PG2;AW08;112C2
1288;PG2;AW08;116C2
1289;PG2;AW08;116F1
1290;PG2;AW08;301B
1291;PG2;AW08;301C2
1292;PG2;AW08;301D
1293;PG2;AW08;302D
1294;PG2;AW08;302D1
1295;PG2;AW08;303A1
1296;PG2;AW08;303B2
1297;PG2;AW08;303H3
1298;PG2;AW08;PSTPG2
1299;PG2;AW09;118P
1300;PG2;AW09;118Q
1301;PG2;AW09;118W
1302;PG2;AW09;104A1B
1303;PG2;AW09;104D1S
1304;PG2;AW09;105A3S
1305;PG2;AW09;105D1S
1306;PG2;AW09;106A1
1307;PG2;AW09;106D1
1308;PG2;AW09;106H
1309;PG2;AW09;106H1
1310;PG2;AW09;107D1
1311;PG2;AW09;108A
1312;PG2;AW09;108A3
1313;PG2;AW09;108A4
1314;PG2;AW09;108A5
1315;PG2;AW09;112D
1316;PG2;AW09;113A2
1317;PG2;AW09;113B
1318;PG2;AW09;113C1
1319;PG2;AW09;113D1
1320;PG2;AW09;114G1
1321;PG2;AW09;114H1
1322;PG2;AW09;114K1
1323;PG2;AW09;115A1
1324;PG2;AW09;115B
1325;PG2;AW09;115C
1326;PG2;AW09;118D1
1327;PG2;AW09;118I2
1328;PG2;AW09;118M1
1329;PG2;AW10;120E2
1330;PG2;AW10;121C1
1331;PG2;AW10;122H1
1332;PG2;AW10;123H1
1333;PG2;AW10;123I1
1334;PG2;AW10;132C1
1335;PG2;AW10;133A1
1336;PG2;AW10;133B3
1337;PG2;AW10;134A1
1338;PG2;AW10;134A3
1339;PG2;AW10;134D1
1340;PG2;AW11;123A1
1341;PG2;AW11;135A1
1342;PG2;AW11;135A3
1343;PG2;AW11;135A5
1344;PG2;AW11;135E1
1345;PG2;AW11;136C2
1346;PG2;AW11;140E1
1347;PG2;AW11;141E1
1348;PG2;AW12;145N
1349;PG2;AW12;144C
1350;PG2;AW12;144E1
1351;PG2;AW12;156E1
1352;PG2;AW12;157C2
1353;PG2;AW13;143C1
1354;PG2;AW13;154E1
1355;PG2;AW13;160B
1356;PG2;AW13;160J
1357;PG2;AW13;160M
1358;PG2;AW13;185A1
1359;PG2;AW13;189A1
1360;PG2;AW14;163L
1361;PG2;AW14;162B2
1362;PG2;AW14;162L1
1363;PG2;AW14;162L2
1364;PG2;AW14;163D
1365;PG2;AW14;163D2
1366;PG2;AW14;164E4
1367;PG2;AW14;164E5
1368;PG2;AW14;165B
1369;PG2;AW14;165C1
1370;PG2;AW14;165E1
1371;PG2;AW14;165G1
1372;PG2;AW14;182A1
1373;PG2;AW14;182E1
1374;PG2;AW14;182F1
1375;PG2;AW15;166C1
1376;PG2;AW15;167C2
1377;PG2;AW15;167E1
1378;PG2;AW15;168D
1379;PG2;AW15;168H
1380;PG2;AW15;169B
1381;PG2;AW15;169K
1382;PG2;AW15;170D6
1383;PG2;AW15;170N2
1384;PG2;AW15;170P1
1385;PG2;AW15;172C1
1386;PG2;AW15;172E
1387;PG2;AW15;172E1
1388;PG2;AW15;172G1
1389;PG2;AW15;173A
1390;PG2;AW15;173F
1391;PG2;AW15;174B3
1392;PG2;AW15;174C2
1393;PG2;AW15;175A1
1394;PG2;AW15;175C3
1395;PG2;AW15;176A1
1396;PG2;AW15;176C4
1397;PG2;AW15;176D4
1398;PG3;AW16;504C1
1399;PG3;AW16;504C2
1400;PG3;AW16;507A1
1401;PG3;AW16;507A2
1402;PG3;AW16;507E1
1403;PG3;AW16;507E2
1404;PG3;AW16;508A1
1405;PG3;AW16;508A2A
1406;PG3;AW16;508A2B
1407;PG3;AW16;508A3
1408;PG3;AW16;508B4A
1409;PG3;AW16;508B4B
1410;PG3;AW16;508B5A
1411;PG3;AW16;508B5B
1412;PG3;AW16;508C3
1413;PG3;AW16;508E1
1414;PG3;AW16;508E2
1415;PG3;AW16;511F2A
1416;PG3;AW16;511F2B
1417;PG3;AW16;511F3A
1418;PG3;AW16;511F3B
1419;PG3;AW16;511F3C
1420;PG3;AW16;510A3C3
1421;PG3;AW16;510C1
1422;PG3;AW16;510C2
1423;PG3;AW16;510C3
1424;PG3;AW16;510C3A1
1425;PG3;AW16;510C3A2
1426;PG3;AW16;510C3A3
1427;PG3;AW16;510C3A4
1428;PG3;AW16;510C3B1
1429;PG3;AW16;510C3B2
1430;PG3;AW16;510C3B3
1431;PG3;AW16;510C3B4
1432;PG3;AW16;510C3C1
1433;PG3;AW16;510C3C2
1434;PG3;AW16;510C3C3
1435;PG3;AW16;510C3C4
1436;PG3;AW16;510C3D1
1437;PG3;AW16;510C3D2
1438;PG3;AW16;510C3D3
1439;PG3;AW16;510C3D4
1440;PG3;AW16;510C3E1
1441;PG3;AW16;510C3E2
1442;PG3;AW16;510C3E3
1443;PG3;AW16;510C3E4
1444;PG3;AW16;510C3F1
1445;PG3;AW16;510C3F2
1446;PG3;AW16;510C3F3
1447;PG3;AW16;510C3F4
1448;PG3;AW16;510C3G1
1449;PG3;AW16;510C3G2
1450;PG3;AW16;510C3G3
1451;PG3;AW16;510C3G4
1452;PG3;AW16;510C3H1
1453;PG3;AW16;510C3H2
1454;PG3;AW16;510C3H3
1455;PG3;AW16;510C3H4
1456;PG3;AW16;510C3I1
1457;PG3;AW16;510C3I2
1458;PG3;AW16;510C3I3
1459;PG3;AW16;510C3I4
1460;PG3;AW16;510C3J1
1461;PG3;AW16;510C3J2
1462;PG3;AW16;510C3J3
1463;PG3;AW16;510C3J4
1464;PG3;AW16;510C3K1
1465;PG3;AW16;510C3K2
1466;PG3;AW16;510C3K3
1467;PG3;AW16;510C3K4
1468;PG3;AW16;510C3L1
1469;PG3;AW16;510C3L2
1470;PG3;AW16;510C3L3
1471;PG3;AW16;510C3L4
1472;PG3;AW16;510C3M1
1473;PG3;AW16;510C3M2
1474;PG3;AW16;510C3M3
1475;PG3;AW16;510C3M4
1476;PG3;AW16;510C3N1
1477;PG3;AW16;510C3N2
1478;PG3;AW16;510C3N3
1479;PG3;AW16;510C3N4
1480;PG3;AW16;510C4
1481;PG3;AW16;510C4A1
1482;PG3;AW16;510C4A2
1483;PG3;AW16;510C4A3
1484;PG3;AW16;510C4A4
1485;PG3;AW16;510C4B1
1486;PG3;AW16;510C4B2
1487;PG3;AW16;510C4B3
1488;PG3;AW16;510C4B4
1489;PG3;AW16;510C4C1
1490;PG3;AW16;510C4C2
1491;PG3;AW16;510C4C3
1492;PG3;AW16;510C4C4
1493;PG3;AW16;510C4D1
1494;PG3;AW16;510C4D2
1495;PG3;AW16;510C4D3
1496;PG3;AW16;510C4D4
1497;PG3;AW16;510C4E1
1498;PG3;AW16;510C4E2
1499;PG3;AW16;510C4E3
1500;PG3;AW16;510C4E4
1501;PG3;AW16;510C4F1
1502;PG3;AW16;510C4F2
1503;PG3;AW16;510C4F3
1504;PG3;AW16;510C4F4
1505;PG3;AW16;510C4G1
1506;PG3;AW16;510C4G2
1507;PG3;AW16;510C4G3
1508;PG3;AW16;510C4G4
1509;PG3;AW16;510C4H1
1510;PG3;AW16;510C4H2
1511;PG3;AW16;510C4H3
1512;PG3;AW16;510C4H4
1513;PG3;AW16;510C4I1
1514;PG3;AW16;510C4I2
1515;PG3;AW16;510C4I3
1516;PG3;AW16;510C4I4
1517;PG3;AW16;510C4J1
1518;PG3;AW16;510C4J2
1519;PG3;AW16;510C4J3
1520;PG3;AW16;510C4J4
1521;PG3;AW16;503AS1
1522;PG3;AW16;505CS
1523;PG3;AW16;506AS
1524;PG3;AW16;507DS
1525;PG3;AW16;507F5
1526;PG3;AW16;507SS
1527;PG3;AW16;507SS1
1528;PG3;AW16;507SS2
1529;PG3;AW16;508DS
1530;PG3;AW16;509A3
1531;PG3;AW16;509AS
1532;PG3;AW16;509CS
1533;PG3;AW16;509PS
1534;PG3;AW16;511CS1
1535;PG3;AW16;511FS1
1536;PG3;AW16;PSTPG3
1537;PG3;AW17;517A
1538;PG3;AW17;517B1
1539;PG3;AW17;517B2
1540;PG3;AW17;517C
1541;PG3;AW17;524A1
1542;PG3;AW17;524A2A
1543;PG3;AW17;524C
1544;PG3;AW17;512S3
1545;PG3;AW17;512S4
1546;PG3;AW17;514SS
1547;PG3;AW17;515AS
1548;PG3;AW17;515BS
1549;PG3;AW17;515CS
1550;PG3;AW17;516AS
1551;PG3;AW17;516AS1
1552;PG3;AW17;516CS
1553;PG3;AW17;516DS
1554;PG3;AW17;518FS1
1555;PG3;AW17;519CS
1556;PG3;AW17;519DS
1557;PG3;AW17;520GS
1558;PG3;AW17;520HS
1559;PG3;AW17;524A2B
1560;PG3;AW17;524A2S
1561;PG3;AW17;525ES1
1562;PG3;AW18;521DS
1563;PG3;AW18;521ES
1564;PG3;AW18;522BS
1565;PG3;AW18;526B5
1566;PG3;AW18;526B5S
1567;PG3;AW18;526SS
1568;PG3;AW18;529FS1
1569;PG3;AW18;535D
1570;PG3;AW18;536E3S
1571;PG3;AW18;537SS
1572;PG3;AW19;541A1A
1573;PG3;AW19;541A1B
1574;PG3;AW19;541A2A
1575;PG3;AW19;541A2B
1576;PG3;AW19;541E
1577;PG3;AW19;543C1
1578;PG3;AW19;543C2
1579;PG3;AW19;543D
1580;PG3;AW19;544C1
1581;PG3;AW19;544C3
1582;PG3;AW19;544D1A
1583;PG3;AW19;545B1
1584;PG3;AW19;545B2
1585;PG3;AW19;545B3
1586;PG3;AW19;545C1
1587;PG3;AW19;545C2
1588;PG3;AW19;545D
1589;PG3;AW19;545E1
1590;PG3;AW19;553B1A
1591;PG3;AW19;553B1B
1592;PG3;AW19;553B2A
1593;PG3;AW19;553B2B
1594;PG3;AW19;553B2C
1595;PG3;AW19;553D1
1596;PG3;AW19;553D2
1597;PG3;AW19;533AS1
1598;PG3;AW19;533PS
1599;PG3;AW19;534AS
1600;PG3;AW19;534BS
1601;PG3;AW19;534E1
1602;PG3;AW19;534GS
1603;PG3;AW19;534PS
1604;PG3;AW19;541BS
1605;PG3;AW19;541HS
1606;PG3;AW19;541SS
1607;PG3;AW19;542F4
1608;PG3;AW19;542F4S
1609;PG3;AW19;542SS
1610;PG3;AW19;544B4
1611;PG3;AW19;544C2
1612;PG3;AW19;544D1B
1613;PG3;AW19;544D2A
1614;PG3;AW19;544D2B
1615;PG3;AW19;545AS
1616;PG3;AW19;545ES
1617;PG3;AW19;546E1S
1618;PG3;AW20;538H1
1619;PG3;AW20;538H2
1620;PG3;AW20;539B1A
1621;PG3;AW20;539B1B
1622;PG3;AW20;539D1
1623;PG3;AW20;539D2
1624;PG3;AW20;539D3
1625;PG3;AW20;547G1
1626;PG3;AW20;547G2
1627;PG3;AW20;584D1
1628;PG3;AW20;584D2
1629;PG3;AW20;588B1
1630;PG3;AW20;588B2
1631;PG3;AW20;579A1A
1632;PG3;AW20;579A2A
1633;PG3;AW20;579A2B
1634;PG3;AW20;579F2
1635;PG3;AW20;580AS
1636;PG3;AW20;581AS
1637;PG3;AW20;581BS
1638;PG3;AW20;582AS
1639;PG3;AW20;582BS
1640;PG3;AW20;584E3
1641;PG3;AW20;589AS1
1642;PG3;AW20;589D7
1643;PG3;AW20;590SS
1644;PG3;AW21;549A1
1645;PG3;AW21;549B1A
1646;PG3;AW21;549B1B
1647;PG3;AW21;549B2A
1648;PG3;AW21;549B2B
1649;PG3;AW21;549B2C
1650;PG3;AW21;549C1
1651;PG3;AW21;549C2
1652;PG3;AW21;549C3
1653;PG3;AW21;550D2C
1654;PG3;AW21;551B3
1655;PG3;AW21;551B4
1656;PG3;AW21;552A1
1657;PG3;AW21;552A2
1658;PG3;AW21;552B1
1659;PG3;AW21;552B2
1660;PG3;AW21;552C1
1661;PG3;AW21;552C2
1662;PG3;AW21;552C3
1663;PG3;AW21;552G1A
1664;PG3;AW21;552G1B
1665;PG3;AW21;552G2A
1666;PG3;AW21;552G2B
1667;PG3;AW21;554D1
1668;PG3;AW21;554D2
1669;PG3;AW21;554E1A
1670;PG3;AW21;554E1B
1671;PG3;AW21;554E2B
1672;PG3;AW21;556E1A
1673;PG3;AW21;556E1B
1674;PG3;AW21;557A1A
1675;PG3;AW21;557A1B
1676;PG3;AW21;557A2
1677;PG3;AW21;557F1
1678;PG3;AW21;557F2
1679;PG3;AW21;562B2A
1680;PG3;AW21;562B2B
1681;PG3;AW21;562B2C
1682;PG3;AW21;562C1
1683;PG3;AW21;562C2
1684;PG3;AW21;562D1
1685;PG3;AW21;562D2
1686;PG3;AW21;548BS
1687;PG3;AW21;548ES
1688;PG3;AW21;548SS
1689;PG3;AW21;549AS
1690;PG3;AW21;550ES1
1691;PG3;AW21;551A
1692;PG3;AW21;551C1
1693;PG3;AW21;551C2
1694;PG3;AW21;552DS1
1695;PG3;AW21;552GS
1696;PG3;AW21;556A3
1697;PG3;AW21;588E3
1698;PG3;AW21;588ES
1699;PG3;AW22;567B1
1700;PG3;AW22;567B2
1701;PG3;AW22;567C1A
1702;PG3;AW22;567C1B
1703;PG3;AW22;567C2A
1704;PG3;AW22;567C2B
1705;PG3;AW22;567E1
1706;PG3;AW22;567E2A
1707;PG3;AW22;567E2B
1708;PG3;AW22;568H1
1709;PG3;AW22;568H2
1710;PG3;AW22;568H3
1711;PG3;AW22;569A1
1712;PG3;AW22;569A2
1713;PG3;AW22;569B1
1714;PG3;AW22;569B2A
1715;PG3;AW22;569B2B
1716;PG3;AW22;570H1A
1717;PG3;AW22;570H1B
1718;PG3;AW22;570H2A
1719;PG3;AW22;570H2B
1720;PG3;AW22;576D1
1721;PG3;AW22;576D2
1722;PG3;AW22;558AS
1723;PG3;AW22;559BS
1724;PG3;AW22;559CS
1725;PG3;AW22;567BS1
1726;PG3;AW22;567D2S
1727;PG3;AW22;567FS1
1728;PG3;AW22;567GS
1729;PG3;AW22;568A2S
1730;PG3;AW22;568CS
1731;PG3;AW22;568H4
1732;PG3;AW22;568IS
1733;PG3;AW22;570AS1
1734;PG3;AW23;554B2
1735;PG3;AW23;555A1
1736;PG3;AW23;555A2
1737;PG3;AW23;555D1
1738;PG3;AW23;563B1
1739;PG3;AW23;563E1A
1740;PG3;AW23;563E1B
1741;PG3;AW23;563E2A
1742;PG3;AW23;563E2B
1743;PG3;AW23;564A1
1744;PG3;AW23;564A2
1745;PG3;AW23;564A3
1746;PG3;AW23;564D1A
1747;PG3;AW23;564D1B
1748;PG3;AW23;564D2A
1749;PG3;AW23;564D2B
1750;PG3;AW23;571A
1751;PG3;AW23;571B1
1752;PG3;AW23;571B2A
1753;PG3;AW23;571B2B
1754;PG3;AW23;571C1
1755;PG3;AW23;571C2
1756;PG3;AW23;572F1
1757;PG3;AW23;572F2
1758;PG3;AW23;573A2A
1759;PG3;AW23;573A2B
1760;PG3;AW23;573E1
1761;PG3;AW23;573E2
1762;PG3;AW23;573F2
1763;PG3;AW23;573F3
1764;PG3;AW23;573F4
1765;PG3;AW23;574B1
1766;PG3;AW23;574B2
1767;PG3;AW23;555C3
1768;PG3;AW23;555D2A
1769;PG3;AW23;555D2B
1770;PG3;AW23;555D2C
1771;PG3;AW23;561DS
1772;PG3;AW23;564BS
1773;PG3;AW23;564DS
1774;PG3;AW23;565B2S
1775;PG3;AW23;565DS
1776;PG3;AW23;565E2S
1777;PG3;AW23;565FS
1778;PG3;AW23;566A3
1779;PG3;AW23;566E2S
1780;PG3;AW23;573CS
1781;PG3;AW23;573DS
